Workbook

Sheet Data
A1: Distance Matrix (in kilometers)
B2: Sylhet | C2: Bogura | D2: Chittagong | E2: Khulna | F2: Gazipur
A3: Konabari | B3: 232 | C3: 157 | D3: 292 | E3: 250 | F3: 21
A4: Bagher Bazar | B4: 235 | C4: 184 | D4: 311 | E4: 270 | F4: 40
A5: Chittagong | B5: 378 | C5: 441 | D5: 20 | E5: 450 | F5: 274
A9: Toll Costs
A10: Factory | B10: Routes | C10: Toll Roads | D10: Toll Costs | E10: Total Toll Cost
A11: KonaBari | B11: Sylhet | C11: Aushkandi - Sherpur Rd | D11: 1200 | E11: 3000
C12: Dhaka - Sylhet Highway | D12: 1000 | H12: Total Costs(Considering a minimum Traveling cost of 140 Tk per Kilometer)
C13: Jamtola-Charshindur Road | D13: 800 | I13: Sylhet | J13: Bogura | K13: Chittagong | L13: Khulna | M13: Gazipur
B14: Bogura | C14: Jamuna Bridge | D14: 1400 | E14: 1400 | H14: Konabari | I14: 35480 | J14: 23380 | K14: 43280 | L14: 38900 | M14: 2940
B15: Chittagong | C15: Bostail-Madanpur Highway | D15: 800 | E15: 2400 | H15: Bagher Bazar | I15: 35900 | J15: 27160 | K15: 45940 | L15: 41700 | M15: 5600
C16: Dhaka - Chittagong Highway | D16: 1600 | H16: Chittagong | I16: 52920 | J16: 62040 | K16: 2800 | L16: 67300 | M16: 39960
B17: Khulna | C17: Padma Brg Rd | D17: 2000 | E17: 3900
C18: Dhaka - Mawa Highway | D18: 1200
C19: Mohammad Hanif Flyover | D19: 700
B20: Gazipur | C20: N/A | D20: 0 | E20: 0
A21: Bagher Bazar | B21: Sylhet | C21: Aushkandi - Sherpur Rd | D21: 1200 | E21: 3000
C22: Dhaka - Sylhet Highway | D22: 1000
C23: Jamtola-Charshindur Road | D23: 800
B24: Bogura | C24: Jamuna Bridge | D24: 1400 | E24: 1400
B25: Chittagong | C25: Bostail-Madanpur Highway | D25: 800 | E25: 2400
C26: Dhaka - Chittagong Highway | D26: 1600
B27: Khulna | C27: Padma Brg Rd | D27: 2000 | E27: 3900
C28: Dhaka - Mawa Highway | D28: 1200
C29: Mayor Hanif Flyover | D29: 700
B30: Gazipur | C30: N/A | D30: 0 | E30: 0
A31: Chittagong | B31: Sylhet | C31: N/A | D31: 0 | E31: 0
B32: Bogura | C32: Jamuna Bridge | D32: 1400 | E32: 3000
C33: Kaptan Bazar Flyover | D33: 700
C34: Kachpur Road | D34: 900
B35: Chittagong | C35: N/A | D35: 0 | E35: 0
B36: Khulna | C36: Khulna City Bypass | D36: 1100 | E36: 4300
C37: Padma Bridge Road | D37: 2000
C38: Dhaka Mawa Highway | D38: 1200
B39: Gazipur | C39: Kaptan Bazar Flyover | D39: 700 | E39: 1600
C40: Kachpur Road | D40: 900

Sheet Solution
A1: Transportation costs, Demand and Supply
B2: Sylhet | C2: Bogura | D2: Chittagong | E2: Khulna | F2: Gazipur | G2: Supply(Cartoons)
A3: Konabari | B3: 35480 | C3: 23380 | D3: 43280 | E3: 38900 | F3: 2940 | G3: 45000
A4: Bagher Bazar | B4: 35900 | C4: 27160 | D4: 45940 | E4: 41700 | F4: 5600 | G4: 90000 | I4: Total Supply= | J4: =SUM(G3:G5) -> 215000
A5: Chittagong | B5: 52920 | C5: 62040 | D5: 2800 | E5: 67300 | F5: 39960 | G5: 80000 | I5: Total Demand= | J5: =SUM(B6:F6) -> 247000
A6: Demand(Cartoons) | B6: 52000 | C6: 35000 | D6: 50000 | E6: 50000 | F6: 60000
B9: Sylhet | C9: Bogura | D9: Chittagong | E9: Khulna | F9: Gazipur | G9: LHS | H9: Relation | I9: Supply(Cartoons)
A10: Konabari | B10: 0 | C10: 35000 | D10: 0 | E10: 10000 | F10: 0 | G10: =SUM(B10:F10) -> 45000 | H10: = | I10: 45000
A11: Bagher Bazar | B11: 22000 | C11: 0 | D11: 0 | E11: 8000 | F11: 60000 | G11: =SUM(B11:F11) -> 90000 | H11: = | I11: 90000
A12: Chittagong | B12: 30000 | C12: 0 | D12: 50000 | E12: 0 | F12: 0 | G12: =SUM(B12:F12) -> 80000 | H12: = | I12: 80000
A13: LHS | B13: =SUM(B10:B12) -> 52000 | C13: =SUM(C10:C12) -> 35000 | D13: =SUM(D10:D12) -> 50000 | E13: =SUM(E10:E12) -> 18000 | F13: =SUM(F10:F12) -> 60000
A14: Relation | B14: <= | C14: <= | D14: <= | E14: <= | F14: <=
A15: Total Received | B15: 52000 | C15: 35000 | D15: 50000 | E15: 50000 | F15: 60000
A18: Total Minimum Cost | B18: =SUMPRODUCT(B3:F5,B10:F12) -> 4394300000

Sheet __OpenSolverCache__

Sheet __OpenSolver__
A1: =ModelSheet=Solution!A:Z -> #NAME?
A2: =OpenSolver_AdjNum=1 -> #NAME?
A3: =OpenSolver_ChosenSolver=Google -> #NAME?
A4: =OpenSolver_FastBuild=0 -> #NAME?
A5: =OpenSolver_LinearityCheck=1 -> #NAME?
A6: =solver_adj=Solution!B10:F12 -> #NAME?
A7: =solver_lhs1=Solution!I10:I12 -> #NAME?
A8: =solver_lhs2=Solution!B15:F15 -> #NAME?
A9: =solver_neg=1 -> #NAME?
A10: =solver_num=2 -> #NAME?
A11: =solver_opt=Solution!B18 -> #NAME?
A12: =solver_rel1=2 -> #NAME?
A13: =solver_rel2=1 -> #NAME?
A14: =solver_rhs1=Solution!G2:G4 -> #NAME?
A15: =solver_rhs2=Solution!B5:F5 -> #NAME?
A16: =solver_sho=1 -> #NAME?
A17: =solver_typ=2 -> #NAME?
A18: =solver_val=0 -> #NAME?
